Path,SHA256
.env.example,3c44122cc91610de3e69de11864f25d163e17b4bfb7f0d23f1904ddb25d1ce8a
.gitattributes,a79691a93b46e49ce460c26ef22afcc03d6eca1e63bf2edbc20e96159510f6c9
.gitignore,642b5d57cf8052a5f8fb4945e65f076cec77e5f757c39482443911067558cf99
README.md,00aa363af6b4fdc420c61c27f86d779ccf5d7f060c04a3701cf633ea32ca2461
check-host.sh,b6ed41d2b901ea7717cbdf42b4da05c06b77a76c14b4f346c15081d7fd74ca6c
compose.yaml,fbd41f664bfabd9ae5e89d18c15dc92178cdf1f6d643871618f9664bb32b0347
flutter/.dockerignore,16150e43ce98c333f93ad82a4991269a89bdd5596c427b4f5066ad266d6f871d
flutter/Dockerfile,05325618f3b14c15e9121677375de4e8c561d92e9523452d61fc1c9d35dc2132
jenkins/.dockerignore,6df292282de2a3f3d37765a80bc58e5e9f02270ed4fb47cb708f129d851c63d4
jenkins/Dockerfile,43321e785ac4dbb247bb2ddbc3f3bdd58eb10711c6720502f7af04af2c51459a
jenkins/plugins.txt,01941b9606f9f7fb662294dc184258a7f758957b7cb7c621f0c7a3bb16f6f84c
macos/README.md,ea279ab86760bb4bf2c21fa6c0b973e81d6e51fdcd458932f550ab26ed7d6850
macos/check-host.sh,9d261724c0e933b20446f01bfb6921304e3ed3522b5f03fb59f7ee96b3d20ae0
macos/install-agent.sh,fc5d3673f673e37983a4276524e1cc90f25414cdeb1694410b222f643c30946b
macos/start-agent.sh,d7d885c55ad1286b0252d880debf715342768a093971730d8ead61a95f409957
